age,income,loan_amount,credit_score,target
1.6843474841796966,1.8418218405447615,1.7030230861122395,1.6149391119485164,0
-0.9892199510261711,-0.6139406135149205,-0.7741014027782906,-0.4466852862836322,0
0.6149205100973496,0.7893522173763263,0.21674839277792138,0.5154060995580371,0
1.1496339971385232,0.4385290096535146,0.4644608416669744,0.9277309792044668,0
-0.5614491613932322,-0.08770580193070293,-0.27867650500018465,0.10308121991160742,0
0.08020702305617604,0.08770580193070293,1.0837419638896069,-0.034360406637202474,1
-1.3100480432508752,-1.6664102366833555,-1.393382525000923,-1.821101551771731,1
-0.6683918588014669,-0.7893522173763263,-1.0218138516673436,-0.8590101659300619,1
